{
  "IcoMoonType": "selection",
  "icons": [
    {
      "icon": {
        "paths": [
          "M38.375 128.050c0-20.369 8.091-39.903 22.494-54.306s33.937-22.494 54.306-22.494h921.599c20.371 0 39.904 8.091 54.304 22.494 14.406 14.403 22.496 33.937 22.496 54.306s-8.090 39.903-22.496 54.306c-14.4 14.403-33.933 22.494-54.304 22.494h-921.599c-20.369 0-39.903-8.092-54.306-22.494s-22.494-33.937-22.494-54.306z",
          "M38.375 512.050c0-20.369 8.091-39.903 22.494-54.306s33.937-22.494 54.306-22.494h921.599c20.371 0 39.904 8.092 54.304 22.494 14.406 14.403 22.496 33.937 22.496 54.306s-8.090 39.903-22.496 54.306c-14.4 14.403-33.933 22.494-54.304 22.494h-921.599c-20.369 0-39.903-8.092-54.306-22.494s-22.494-33.937-22.494-54.306z",
          "M38.375 896.051c0-20.371 8.091-39.904 22.494-54.304 14.402-14.406 33.937-22.496 54.306-22.496h921.599c20.371 0 39.904 8.090 54.304 22.496 14.406 14.4 22.496 33.933 22.496 54.304 0 20.365-8.090 39.904-22.496 54.304-14.4 14.406-33.933 22.496-54.304 22.496h-921.599c-20.369 0-39.903-8.090-54.306-22.496-14.403-14.4-22.494-33.939-22.494-54.304z"
        ],
        "attrs": [
          {},
          {},
          {}
        ],
        "width": 1152,
        "isMulticolor": false,
        "isMulticolor2": false,
        "grid": 0,
        "tags": [
          "Group"
        ]
      },
      "attrs": [
        {},
        {},
        {}
      ],
      "properties": {
        "order": 52,
        "id": 3,
        "name": "Hamburger",
        "prevSize": 32
      },
      "setIdx": 9,
      "setId": 4,
      "iconIdx": 1
    }
  ],
  "height": 1024,
  "preferences": {
    "showGlyphs": true,
    "showQuickUse": true,
    "showQuickUse2": true,
    "showSVGs": true,
    "fontPref": {
      "prefix": "icon-",
      "metadata": {
        "fontFamily": "icomoon"
      },
      "metrics": {
        "emSize": 1024,
        "baseline": 6.25,
        "whitespace": 50
      },
      "embed": false
    },
    "imagePref": {
      "prefix": "icon-",
      "png": true,
      "useClassSelector": true,
      "color": 0,
      "bgColor": 16777215,
      "classSelector": ".icon",
      "name": "icomoon"
    },
    "historySize": 50,
    "showCodes": true,
    "gridSize": 16
  }
}