{
  "IcoMoonType": "selection",
  "icons": [
    {
      "icon": {
        "paths": [
          "M923.672 698.298l-144.793-16.531c-34.772-3.99-68.974 7.98-93.486 32.492l-104.887 104.885c-161.32-82.084-293.569-213.763-375.654-375.654l105.456-105.457c24.511-24.512 36.483-58.714 32.492-93.486l-16.531-143.65c-6.84-57.574-55.294-100.897-113.437-100.897h-98.616c-64.414 0-117.998 53.584-114.008 117.998 30.212 486.814 419.547 875.581 905.786 905.789 64.417 3.994 117.996-49.593 117.996-114.003v-98.619c0.575-57.573-42.748-106.027-100.32-112.868z"
        ],
        "attrs": [
          {}
        ],
        "isMulticolor": false,
        "isMulticolor2": false,
        "grid": 0,
        "tags": [
          "Vector (9)"
        ]
      },
      "attrs": [
        {}
      ],
      "properties": {
        "order": 50,
        "id": 0,
        "name": "Vector-9",
        "prevSize": 32
      },
      "setIdx": 0,
      "setId": 13,
      "iconIdx": 2
    },
    {
      "icon": {
        "paths": [
          "M512 512c94.293 0 170.667-76.373 170.667-170.667s-76.373-170.667-170.667-170.667c-94.293 0-170.667 76.373-170.667 170.667s76.373 170.667 170.667 170.667zM512 597.333c-113.92 0-341.333 57.173-341.333 170.667v42.667c0 23.467 19.2 42.667 42.667 42.667h597.333c23.467 0 42.667-19.2 42.667-42.667v-42.667c0-113.493-227.413-170.667-341.333-170.667z"
        ],
        "attrs": [
          {
            "fill": "rgb(77, 90, 229)"
          }
        ],
        "isMulticolor": false,
        "isMulticolor2": false,
        "grid": 0,
        "tags": [
          "person-black-18dp 1"
        ]
      },
      "attrs": [
        {
          "fill": "rgb(77, 90, 229)"
        }
      ],
      "properties": {
        "order": 48,
        "id": 0,
        "name": "person-black-18dp-1",
        "prevSize": 32
      },
      "setIdx": 4,
      "setId": 9,
      "iconIdx": 0
    },
    {
      "icon": {
        "paths": [
          "M640 256h-512c-35.2 0-63.68 28.8-63.68 64l-0.32 384c0 35.2 28.8 64 64 64h512c35.2 0 64-28.8 64-64v-384c0-35.2-28.8-64-64-64zM627.2 392l-226.24 141.44c-10.24 6.4-23.68 6.4-33.92 0l-226.24-141.44c-8-5.12-12.8-13.76-12.8-23.040 0-21.44 23.36-34.24 41.6-23.040l214.4 134.080 214.4-134.080c18.24-11.2 41.6 1.6 41.6 23.040 0 9.28-4.8 17.92-12.8 23.040z"
        ],
        "attrs": [
          {}
        ],
        "width": 768,
        "isMulticolor": false,
        "isMulticolor2": false,
        "grid": 0,
        "tags": [
          "email-black-18dp 1"
        ],
        "colorPermutations": {
          "123123325212442442531464766177902291": [
            {}
          ]
        }
      },
      "attrs": [
        {}
      ],
      "properties": {
        "order": 51,
        "id": 13,
        "name": "email-black-18dp-1",
        "prevSize": 32
      },
      "setIdx": 7,
      "setId": 6,
      "iconIdx": 0
    },
    {
      "icon": {
        "paths": [
          "M38.375 128.050c0-20.369 8.091-39.903 22.494-54.306s33.937-22.494 54.306-22.494h921.599c20.371 0 39.904 8.091 54.304 22.494 14.406 14.403 22.496 33.937 22.496 54.306s-8.090 39.903-22.496 54.306c-14.4 14.403-33.933 22.494-54.304 22.494h-921.599c-20.369 0-39.903-8.092-54.306-22.494s-22.494-33.937-22.494-54.306z",
          "M38.375 512.050c0-20.369 8.091-39.903 22.494-54.306s33.937-22.494 54.306-22.494h921.599c20.371 0 39.904 8.092 54.304 22.494 14.406 14.403 22.496 33.937 22.496 54.306s-8.090 39.903-22.496 54.306c-14.4 14.403-33.933 22.494-54.304 22.494h-921.599c-20.369 0-39.903-8.092-54.306-22.494s-22.494-33.937-22.494-54.306z",
          "M38.375 896.051c0-20.371 8.091-39.904 22.494-54.304 14.402-14.406 33.937-22.496 54.306-22.496h921.599c20.371 0 39.904 8.090 54.304 22.496 14.406 14.4 22.496 33.933 22.496 54.304 0 20.365-8.090 39.904-22.496 54.304-14.4 14.406-33.933 22.496-54.304 22.496h-921.599c-20.369 0-39.903-8.090-54.306-22.496-14.403-14.4-22.494-33.939-22.494-54.304z"
        ],
        "attrs": [
          {},
          {},
          {}
        ],
        "width": 1152,
        "isMulticolor": false,
        "isMulticolor2": false,
        "grid": 0,
        "tags": [
          "Group"
        ]
      },
      "attrs": [
        {},
        {},
        {}
      ],
      "properties": {
        "order": 52,
        "id": 3,
        "name": "Hamburger",
        "prevSize": 32
      },
      "setIdx": 9,
      "setId": 4,
      "iconIdx": 0
    }
  ],
  "height": 1024,
  "preferences": {
    "showGlyphs": true,
    "showQuickUse": true,
    "showQuickUse2": true,
    "showSVGs": true,
    "fontPref": {
      "prefix": "icon-",
      "metadata": {
        "fontFamily": "icomoon"
      },
      "metrics": {
        "emSize": 1024,
        "baseline": 6.25,
        "whitespace": 50
      },
      "embed": false
    },
    "imagePref": {
      "prefix": "icon-",
      "png": true,
      "useClassSelector": true,
      "color": 0,
      "bgColor": 16777215,
      "classSelector": ".icon",
      "name": "icomoon"
    },
    "historySize": 50,
    "showCodes": true,
    "gridSize": 16
  }
}